{"stats":{"minecraft:killed":{"minecraft:cat":1,"minecraft:villager":1,"minecraft:fox":1,"minecraft:cow":1},"minecraft:picked_up":{"minecraft:crafting_table":1,"minecraft:stick":1,"minecraft:spruce_sapling":2,"minecraft:spruce_log":23,"minecraft:dirt":9},"minecraft:custom":{"minecraft:time_since_rest":62801,"minecraft:crouch_one_cm":922,"minecraft:sprint_one_cm":10456,"minecraft:play_time":69331,"minecraft:damage_taken":250,"minecraft:walk_one_cm":8996,"minecraft:deaths":1,"minecraft:sneak_time":451,"minecraft:walk_under_water_one_cm":77,"minecraft:mob_kills":4,"minecraft:jump":88,"minecraft:damage_dealt":0,"minecraft:leave_game":8,"minecraft:walk_on_water_one_cm":160,"minecraft:time_since_death":62773,"minecraft:total_world_time":69331,"minecraft:interact_with_crafting_table":3,"minecraft:swim_one_cm":243,"minecraft:fall_one_cm":4754,"minecraft:fly_one_cm":90770},"minecraft:used":{"minecraft:wooden_axe":28,"minecraft:flint_and_steel":27,"minecraft:tnt":141,"minecraft:crafting_table":1,"minecraft:wooden_shovel":9},"minecraft:mined":{"minecraft:grass_block":9,"minecraft:spruce_log":23,"minecraft:spruce_leaves":7,"minecraft:crafting_table":1},"minecraft:crafted":{"minecraft:wooden_shovel":1,"minecraft:crafting_table":1,"minecraft:spruce_planks":12,"minecraft:stick":4,"minecraft:wooden_axe":1}},"DataVersion":3839}